field,selectiveCollege,sex,Default,loanAmount,graduationYear
BUSINESS,0,Male,No,59265,2012
STEM,0,Female,No,74496,2011
STEM,0,Male,No,36667,2006
BUSINESS,0,Male,No,40551,2007
BUSINESS,1,Male,No,38566,2014
STEM,0,Male,No,42875,2011
STEM,0,Male,No,53971,2010
BUSINESS,0,Female,Yes,36265,2013
STEM,0,Female,No,51239,2011
STEM,1,Male,No,40743,2005
HUMANITIES,0,Male,Yes,64261,2012
STEM,0,Female,No,53173,2006
STEM,0,Male,No,39030,2014
STEM,0,Female,No,45162,2011
STEM,0,Male,No,51612,2014
STEM,1,Male,No,34902,2009
STEM,0,Male,No,40837,2010
BUSINESS,1,Male,Yes,12000,2005
BUSINESS,1,Female,Yes,23578,2016
STEM,1,Female,Yes,76435,2015
STEM,1,Female,Yes,23468,2005
HUMANITIES,0,Female,No,67890,2007
HUMANITIES,0,Male,No,45689,2008
HUMANITIES,0,Male,No,89421,2009
STEM,0,Male,No,11234,2011
BUSINESS,0,Male,Yes,34265,2019
BUSINESS,0,Male,No,28964,2001
STEM,0,Male,Yes,78904,2002
HUMANITIES,0,Male,No,45475,2010
STEM,0,Male,No,69651,2008
STEM,0,Male,No,44217,2012
HUMANITIES,0,Female,Yes,53195,2011
STEM,0,Female,No,46972,2009
STEM,0,Male,No,67266,2010
STEM,0,Male,No,59757,2014
STEM,0,Female,No,38814,2005
BUSINESS,0,Male,No,38318,2014
HUMANITIES,0,Female,Yes,45513,2009
STEM,0,Male,No,69834,2010
HUMANITIES,0,Male,No,50710,2008
STEM,1,Male,No,37369,2014
HUMANITIES,0,Female,No,57624,2005
HUMANITIES,0,Male,Yes,31734,2007
HUMANITIES,0,Male,No,38685,2010
BUSINESS,0,Male,Yes,48545,2012
HUMANITIES,0,Female,Yes,53157,2008
HUMANITIES,0,Male,No,57270,2008
STEM,1,Male,No,64016,2013
STEM,0,Female,No,51126,2012
STEM,0,Female,No,54143,2007
BUSINESS,1,Female,Yes,56473,2011
STEM,0,Male,No,37010,2012
HUMANITIES,0,Male,No,51739,2011
HUMANITIES,1,Female,No,41905,2010
STEM,0,Male,No,39810,2005
STEM,1,Male,No,39981,2013
STEM,0,Male,No,71363,2011
BUSINESS,0,Male,No,64643,2006
HUMANITIES,1,Female,No,73269,2005
BUSINESS,0,Male,No,70776,2009
HUMANITIES,0,Female,Yes,40547,2012
STEM,1,Female,No,59763,2011
STEM,1,Male,No,50872,2011
HUMANITIES,0,Female,Yes,47633,2012
BUSINESS,0,Male,No,39062,2009
HUMANITIES,0,Female,No,31546,2006
STEM,1,Female,No,30246,2008
BUSINESS,0,Male,No,50273,2009
STEM,0,Male,No,40881,2007
BUSINESS,0,Male,No,43733,2007
STEM,0,Male,No,44152,2006
BUSINESS,0,Male,Yes,42454,2010
HUMANITIES,0,Female,Yes,29373,2011
STEM,0,Male,No,38108,2011
STEM,0,Female,No,56470,2011
BUSINESS,0,Female,No,55827,2008
STEM,0,Male,No,44837,2012
STEM,1,Female,No,42057,2007
STEM,0,Male,No,54925,2014
STEM,0,Female,No,42066,2009
STEM,0,Female,No,55232,2004
BUSINESS,0,Female,No,49687,2010
BUSINESS,1,Male,Yes,68077,2009
BUSINESS,1,Male,Yes,37364,2005
HUMANITIES,0,Female,Yes,38052,2012
STEM,0,Male,No,51307,2013
BUSINESS,0,Male,No,38220,2006
STEM,0,Male,No,38921,2013
BUSINESS,0,Male,No,53013,2011
STEM,0,Male,No,63594,2012
HUMANITIES,0,Female,No,47073,2008
BUSINESS,0,Male,No,56407,2012
HUMANITIES,0,Female,No,34631,2006
BUSINESS,0,Female,No,50353,2006
STEM,0,Female,No,40774,2006
STEM,1,Male,No,37097,2012
HUMANITIES,1,Male,No,52601,2006
BUSINESS,0,Male,No,66135,2011
STEM,0,Male,No,24794,2007
BUSINESS,0,Female,No,52115,2006
STEM,1,Male,No,38537,2008
STEM,0,Male,No,54388,2013
HUMANITIES,0,Male,Yes,41190,2011
STEM,0,Male,No,35246,2014
HUMANITIES,1,Female,Yes,54808,2011
BUSINESS,0,Male,No,51413,2008
STEM,1,Male,No,57812,2011
BUSINESS,0,Female,Yes,26950,2010
STEM,0,Male,No,45003,2013
STEM,0,Male,No,35556,2006
HUMANITIES,0,Male,Yes,81258,2013
BUSINESS,1,Female,No,60841,2007
HUMANITIES,0,Male,Yes,67124,2015
STEM,0,Male,No,64912,2009
STEM,1,Male,No,50485,2011
STEM,0,Male,No,65605,2013
STEM,0,Female,No,53900,2007
HUMANITIES,0,Male,Yes,62690,2012
STEM,0,Male,No,57846,2007
STEM,0,Female,No,52608,2007
HUMANITIES,0,Female,Yes,53730,2008
STEM,0,Male,No,44311,2006
STEM,0,Male,No,58956,2014
BUSINESS,0,Male,No,43772,2013
HUMANITIES,0,Female,No,38125,2011
STEM,1,Female,No,33948,2015
STEM,0,Male,No,44087,2006
STEM,0,Female,No,50393,2011
HUMANITIES,0,Female,Yes,31160,2012
BUSINESS,0,Male,No,43419,2015
HUMANITIES,0,Female,No,38481,2010
STEM,0,Male,No,71871,2010
STEM,0,Male,No,51787,2013
STEM,1,Male,No,35307,2005
STEM,0,Male,No,44881,2013
BUSINESS,0,Male,No,44424,2012
STEM,0,Female,No,41331,2009
HUMANITIES,0,Female,Yes,35845,2013
STEM,0,Male,No,61765,2013
STEM,0,Male,No,51066,2005
HUMANITIES,0,Male,No,44502,2004
STEM,0,Male,No,65675,2011
HUMANITIES,1,Female,Yes,52792,2013
STEM,0,Female,No,36172,2007
HUMANITIES,0,Female,Yes,43380,2011
STEM,0,Male,No,45653,2008
HUMANITIES,0,Female,No,39200,2009
STEM,0,Female,No,47669,2011
STEM,0,Female,No,49660,2012
STEM,0,Male,No,47837,2007
STEM,0,Male,No,51384,2011
HUMANITIES,1,Female,No,29355,2010
HUMANITIES,0,Female,No,50375,2006
STEM,0,Male,No,47780,2009
STEM,0,Female,No,50361,2009
STEM,0,Male,No,48140,2006
HUMANITIES,0,Male,Yes,53335,2014
HUMANITIES,0,Male,Yes,64639,2006
HUMANITIES,0,Female,Yes,57403,2011
BUSINESS,0,Female,No,51380,2011
BUSINESS,0,Male,Yes,49832,2012
STEM,1,Male,No,53831,2014
BUSINESS,0,Male,No,32883,2011
STEM,1,Male,No,52239,2009
HUMANITIES,0,Female,Yes,36819,2013
HUMANITIES,1,Male,Yes,35358,2013
BUSINESS,0,Male,No,59322,2006
STEM,1,Male,No,60262,2011
STEM,0,Female,No,36258,2008
HUMANITIES,0,Female,Yes,24451,2010
BUSINESS,1,Female,No,52020,2006
STEM,0,Male,No,59106,2012
STEM,0,Female,No,42042,2007
BUSINESS,0,Male,No,60618,2004
STEM,0,Female,No,35110,2005
BUSINESS,0,Male,Yes,66004,2012
STEM,0,Female,No,34828,2012
BUSINESS,1,Female,No,50676,2005
BUSINESS,0,Female,No,57022,2008
STEM,0,Female,No,52002,2007
HUMANITIES,0,Female,Yes,35612,2010
HUMANITIES,0,Female,No,48175,2008
HUMANITIES,0,Female,No,44865,2012
STEM,1,Male,No,64870,2013
STEM,1,Male,No,57394,2014
STEM,0,Male,No,57043,2013
STEM,0,Male,No,45672,2009
BUSINESS,0,Male,No,66712,2009
BUSINESS,0,Male,No,47625,2010
HUMANITIES,0,Male,Yes,39100,2011
BUSINESS,0,Female,No,47760,2011
HUMANITIES,0,Female,Yes,66848,2014
BUSINESS,0,Male,Yes,44183,2012
STEM,1,Male,No,47149,2006
STEM,1,Female,No,44330,2012
BUSINESS,0,Female,No,33137,2010
STEM,0,Male,No,54563,2011
BUSINESS,0,Male,No,62507,2011
HUMANITIES,0,Male,No,44015,2014
STEM,1,Male,No,67197,2008
STEM,1,Male,No,34037,2006
HUMANITIES,1,Female,Yes,34650,2009
HUMANITIES,0,Female,Yes,42247,2012
STEM,0,Female,No,44218,2013
HUMANITIES,0,Male,No,59165,2007
STEM,0,Female,No,54028,2009
STEM,0,Female,No,51615,2014
STEM,0,Female,No,44026,2006
BUSINESS,1,Female,No,41769,2012
HUMANITIES,0,Female,Yes,51133,2008
STEM,0,Male,No,51900,2009
STEM,0,Male,No,54321,2012
STEM,0,Female,No,79360,2014
BUSINESS,1,Female,No,35275,2012
BUSINESS,0,Female,No,36407,2011
STEM,0,Male,No,45905,2007
STEM,0,Male,No,46760,2014
BUSINESS,0,Male,Yes,40680,2013
HUMANITIES,0,Female,No,54884,2010
STEM,0,Male,No,39700,2005
STEM,0,Male,No,56587,2014
STEM,0,Male,No,53594,2005
STEM,0,Male,No,49721,2006
STEM,0,Male,No,37032,2007
STEM,0,Male,No,43289,2012
HUMANITIES,0,Male,Yes,44221,2011
STEM,0,Female,No,55093,2013
STEM,0,Male,No,58240,2009
STEM,0,Male,No,55706,2014
STEM,1,Female,No,43114,2004
HUMANITIES,0,Female,No,40316,2010
HUMANITIES,0,Female,Yes,48078,2007
BUSINESS,0,Female,Yes,38938,2015
HUMANITIES,0,Male,No,25621,2007
BUSINESS,0,Female,No,50491,2013
STEM,1,Male,No,40415,2010
BUSINESS,1,Female,No,45489,2008
HUMANITIES,0,Female,Yes,52818,2008
STEM,0,Male,No,83853,2005
STEM,0,Male,No,52525,2004
STEM,0,Male,No,40532,2007
STEM,0,Male,No,71215,2009
HUMANITIES,0,Male,Yes,44519,2010
STEM,0,Male,No,59502,2008
STEM,0,Male,No,38013,2009
BUSINESS,0,Female,No,63783,2005
HUMANITIES,0,Female,No,49376,2006
STEM,1,Female,No,39431,2014
STEM,0,Male,Yes,61360,2010
STEM,0,Male,No,68852,2013
BUSINESS,0,Female,Yes,31921,2011
STEM,0,Male,No,49771,2009
STEM,0,Female,No,36216,2014
BUSINESS,0,Male,Yes,70960,2012
BUSINESS,0,Female,No,44496,2008
HUMANITIES,0,Male,No,50168,2008
STEM,1,Male,No,37185,2010
HUMANITIES,0,Female,No,31367,2009
STEM,0,Female,No,37736,2009
STEM,0,Female,No,76637,2009
HUMANITIES,0,Female,No,30385,2010
STEM,0,Male,No,59259,2011
BUSINESS,1,Male,No,48667,2012
STEM,0,Female,No,47202,2008
STEM,1,Male,No,33722,2014
HUMANITIES,0,Male,Yes,36055,2006
STEM,0,Female,No,55584,2011
BUSINESS,0,Female,Yes,53821,2015
BUSINESS,0,Male,No,39750,2012
BUSINESS,0,Female,No,62737,2015
BUSINESS,0,Male,No,52243,2011
HUMANITIES,0,Male,Yes,45581,2010
STEM,0,Male,No,67920,2011
HUMANITIES,0,Female,Yes,55408,2007
STEM,1,Male,No,51440,2009
HUMANITIES,0,Female,No,47440,2010
HUMANITIES,1,Female,No,58720,2005
STEM,0,Male,No,44483,2014
HUMANITIES,0,Female,Yes,61709,2015
BUSINESS,0,Female,No,62203,2013
STEM,0,Male,No,44561,2011
HUMANITIES,0,Female,No,45354,2007
STEM,0,Male,No,40602,2008
STEM,1,Male,No,53743,2014
HUMANITIES,0,Female,Yes,40128,2013
STEM,0,Male,No,52270,2014
STEM,0,Male,No,42460,2011
STEM,1,Male,No,72916,2010
STEM,0,Male,No,54013,2009
STEM,0,Male,No,54056,2006
STEM,0,Female,No,44913,2008
HUMANITIES,0,Female,Yes,69416,2011
STEM,1,Female,No,49004,2011
STEM,0,Female,No,74612,2013
STEM,0,Male,No,42444,2013
HUMANITIES,1,Female,Yes,33823,2009
STEM,0,Male,No,62931,2013
BUSINESS,0,Female,No,37680,2008
HUMANITIES,0,Male,No,46680,2008
STEM,0,Male,No,65859,2008
BUSINESS,0,Female,Yes,47232,2014
STEM,1,Male,No,37838,2008
STEM,1,Male,No,55757,2012
STEM,0,Male,No,56113,2011
STEM,0,Male,No,44151,2008
STEM,0,Male,No,69717,2010
STEM,0,Female,No,53909,2005
STEM,0,Male,No,47683,2009
STEM,0,Male,No,41999,2010
HUMANITIES,1,Female,No,51619,2006
HUMANITIES,1,Male,Yes,42646,2007
BUSINESS,0,Female,No,43664,2006
HUMANITIES,1,Male,Yes,48656,2008
STEM,0,Male,No,57069,2015
BUSINESS,0,Male,Yes,61048,2011
HUMANITIES,0,Female,No,28834,2008
STEM,0,Male,No,63638,2006
STEM,0,Male,No,66428,2012
STEM,0,Male,No,56860,2008
STEM,0,Female,No,68741,2013
BUSINESS,0,Male,No,52671,2015
HUMANITIES,0,Female,No,38255,2009
STEM,0,Male,No,33877,2005
STEM,0,Male,No,60513,2006
HUMANITIES,0,Female,No,41372,2012
BUSINESS,0,Male,No,33715,2012
HUMANITIES,0,Female,Yes,43334,2011
BUSINESS,0,Male,No,29426,2014
STEM,0,Male,No,58352,2011
HUMANITIES,0,Male,Yes,51882,2014
HUMANITIES,0,Female,No,48555,2009
HUMANITIES,0,Male,No,32092,2009
HUMANITIES,0,Female,Yes,65662,2014
STEM,0,Male,No,51046,2007
STEM,0,Male,No,55566,2011
BUSINESS,0,Female,No,64728,2008
STEM,1,Male,No,50137,2010
BUSINESS,0,Male,Yes,64673,2012
HUMANITIES,0,Male,Yes,55935,2010
BUSINESS,0,Male,No,46615,2014
STEM,1,Female,No,60965,2009
BUSINESS,0,Female,Yes,27873,2010
STEM,0,Male,No,29036,2011
BUSINESS,0,Female,No,62408,2004
BUSINESS,0,Male,No,42252,2010
BUSINESS,0,Male,No,37396,2005
HUMANITIES,0,Female,Yes,39668,2008
HUMANITIES,0,Female,Yes,21966,2008
HUMANITIES,0,Female,Yes,60196,2006
HUMANITIES,0,Female,Yes,38261,2007
HUMANITIES,0,Female,Yes,43022,2012
HUMANITIES,1,Female,Yes,51359,2009
BUSINESS,0,Male,Yes,52668,2010
STEM,1,Male,No,45330,2010
STEM,0,Male,No,25282,2007
STEM,0,Male,No,52440,2012
STEM,0,Male,No,62978,2009
STEM,0,Male,No,48150,2013
STEM,0,Female,No,55736,2005
STEM,0,Female,No,70059,2012
STEM,0,Female,No,48065,2010
STEM,0,Male,No,47794,2014
BUSINESS,1,Male,Yes,52268,2004
HUMANITIES,0,Female,Yes,56826,2012
STEM,0,Female,No,51794,2005
STEM,0,Male,No,53090,2013
BUSINESS,1,Female,No,28719,2011
STEM,0,Male,No,44356,2013
HUMANITIES,0,Male,Yes,34581,2011
BUSINESS,1,Female,No,41788,2008
BUSINESS,0,Male,No,39351,2013
STEM,0,Female,No,69985,2006
HUMANITIES,0,Male,Yes,48896,2007
STEM,0,Female,No,29356,2006
STEM,0,Male,No,55540,2013
STEM,0,Female,No,50530,2004
HUMANITIES,1,Female,Yes,57355,2011
HUMANITIES,0,Female,No,55430,2006
STEM,0,Female,No,37882,2006
STEM,0,Female,No,67893,2013
HUMANITIES,0,Female,No,37632,2004
HUMANITIES,0,Male,No,53253,2012
STEM,1,Male,No,59277,2012
STEM,1,Female,No,30302,2011
BUSINESS,0,Male,No,48905,2015
HUMANITIES,0,Male,No,58012,2008
BUSINESS,0,Female,No,78278,2008
HUMANITIES,0,Male,Yes,69405,2008
HUMANITIES,0,Male,Yes,62128,2011
BUSINESS,1,Male,No,65873,2013
STEM,0,Male,No,42226,2006
HUMANITIES,0,Female,No,59197,2006
HUMANITIES,0,Female,No,58734,2005
BUSINESS,0,Female,No,49651,2005
STEM,0,Female,No,63575,2010
STEM,0,Female,No,48945,2012
HUMANITIES,0,Female,Yes,46889,2013
BUSINESS,0,Female,No,44584,2005
STEM,0,Male,No,61596,2013
STEM,0,Male,No,49919,2007
HUMANITIES,1,Male,Yes,55860,2011
STEM,1,Male,No,55149,2014
BUSINESS,1,Female,No,52397,2011
HUMANITIES,1,Female,Yes,56290,2010
STEM,0,Female,No,43982,2015
STEM,0,Male,No,45835,2007
BUSINESS,0,Male,No,41052,2010
STEM,0,Male,No,57573,2013
STEM,0,Male,No,48807,2010
STEM,0,Male,No,51816,2009
BUSINESS,0,Male,No,59080,2015
STEM,0,Male,No,39813,2015
HUMANITIES,0,Female,No,67281,2009
STEM,1,Female,No,46389,2007
BUSINESS,0,Male,No,62139,2006
STEM,0,Female,No,46469,2011
STEM,0,Female,No,66106,2010
STEM,0,Female,No,35244,2005
STEM,0,Male,No,58115,2011
STEM,0,Male,No,66905,2005
BUSINESS,0,Male,No,50975,2010
STEM,0,Male,No,64939,2008
STEM,0,Male,No,72482,2013
BUSINESS,0,Female,No,35639,2011
HUMANITIES,0,Female,Yes,42838,2013
HUMANITIES,0,Female,Yes,64446,2006
STEM,0,Male,No,42285,2012
STEM,0,Male,No,47028,2007
STEM,0,Female,No,32946,2012
STEM,0,Male,No,56925,2005
HUMANITIES,0,Female,No,45754,2006
BUSINESS,0,Female,No,42122,2013
STEM,0,Female,No,49734,2010
BUSINESS,1,Male,No,50630,2014
BUSINESS,0,Male,No,50140,2005
HUMANITIES,1,Female,Yes,50939,2014
STEM,0,Male,No,61986,2005
STEM,0,Male,No,45972,2011
STEM,0,Male,No,38215,2008
BUSINESS,0,Male,No,35584,2015
STEM,0,Female,Yes,50404,2009
BUSINESS,0,Female,No,43051,2013
HUMANITIES,0,Female,Yes,26895,2012
STEM,0,Male,No,52321,2006
HUMANITIES,0,Female,Yes,54704,2014
STEM,0,Male,No,48588,2011
STEM,0,Male,No,40957,2013
BUSINESS,1,Male,No,46290,2008
STEM,0,Male,No,31722,2012
STEM,0,Male,No,60828,2009
HUMANITIES,0,Female,Yes,42342,2007
STEM,0,Male,No,43036,2014
BUSINESS,0,Female,No,35335,2008
HUMANITIES,0,Female,Yes,42090,2009
STEM,0,Male,No,50984,2004
BUSINESS,1,Male,No,39993,2010
HUMANITIES,0,Female,Yes,28442,2011
BUSINESS,0,Female,No,31439,2007
STEM,0,Male,No,63788,2010
BUSINESS,0,Male,No,55205,2012
STEM,0,Female,No,57422,2011
HUMANITIES,0,Female,Yes,64465,2010
HUMANITIES,0,Female,Yes,53202,2014
STEM,0,Female,No,37876,2013
STEM,0,Male,No,36275,2011
STEM,0,Male,No,57687,2007
STEM,0,Female,No,58191,2012
STEM,0,Male,No,53134,2013
STEM,0,Female,No,32745,2004
BUSINESS,0,Male,No,44679,2013
HUMANITIES,0,Male,No,59290,2004
STEM,0,Female,No,41433,2015
BUSINESS,1,Female,Yes,56845,2009
STEM,0,Male,No,74746,2011
STEM,0,Male,No,47310,2007
STEM,0,Male,No,51100,2007
HUMANITIES,0,Female,Yes,38456,2011
STEM,1,Male,No,42029,2006
STEM,1,Female,No,49846,2006
BUSINESS,0,Male,No,52117,2009
HUMANITIES,0,Female,Yes,74094,2009
HUMANITIES,0,Female,Yes,30146,2013
HUMANITIES,0,Female,Yes,36388,2013
STEM,0,Male,No,56458,2005
STEM,0,Male,No,39520,2014
HUMANITIES,1,Male,Yes,57753,2011
STEM,0,Male,No,35397,2010
HUMANITIES,0,Female,No,37541,2006
HUMANITIES,1,Female,No,51145,2005
BUSINESS,1,Female,No,38826,2004
HUMANITIES,0,Female,Yes,42742,2012
HUMANITIES,1,Female,Yes,49243,2013
BUSINESS,0,Female,No,63144,2006
STEM,0,Male,No,39933,2015
STEM,0,Female,No,35779,2011
HUMANITIES,0,Female,Yes,65100,2010
HUMANITIES,0,Female,No,49785,2005
STEM,0,Female,No,41564,2013
HUMANITIES,1,Female,No,53764,2009
STEM,1,Male,No,66071,2010
STEM,0,Female,No,56569,2006
BUSINESS,0,Female,No,57972,2010
STEM,0,Male,No,48396,2011
STEM,0,Male,No,55926,2009
STEM,0,Male,No,44589,2005
STEM,0,Male,No,62607,2007
HUMANITIES,0,Male,No,41500,2005
STEM,0,Male,No,46603,2007
HUMANITIES,0,Female,Yes,33101,2012
BUSINESS,1,Male,No,45864,2014
BUSINESS,0,Female,No,51203,2006
STEM,0,Male,No,43664,2008
STEM,0,Male,No,51110,2009
HUMANITIES,0,Female,No,23878,2006
STEM,0,Female,No,47133,2015
STEM,0,Male,No,64572,2007
BUSINESS,0,Male,Yes,55904,2004
STEM,0,Male,No,40003,2011
STEM,0,Female,No,40157,2009
HUMANITIES,1,Male,Yes,45812,2011
HUMANITIES,0,Female,Yes,63840,2014
STEM,0,Male,No,55734,2008
BUSINESS,1,Male,No,44023,2011
HUMANITIES,1,Female,Yes,37903,2010
BUSINESS,0,Female,No,33262,2004
BUSINESS,0,Female,No,64657,2009
BUSINESS,1,Male,No,52053,2004
STEM,0,Male,No,54560,2009
BUSINESS,0,Female,No,47944,2014
STEM,0,Male,No,39949,2009
HUMANITIES,0,Female,Yes,37849,2010
HUMANITIES,1,Male,Yes,49059,2012
STEM,0,Male,No,40322,2012
STEM,0,Male,Yes,65588,2012
HUMANITIES,0,Female,Yes,46831,2008
STEM,0,Male,No,46149,2011
HUMANITIES,0,Female,Yes,50185,2013
STEM,1,Male,No,42082,2007
HUMANITIES,0,Female,No,56243,2008
HUMANITIES,0,Female,No,54336,2010
BUSINESS,1,Female,No,38438,2013
BUSINESS,1,Male,No,43616,2006
STEM,0,Male,No,52916,2010
BUSINESS,0,Female,No,52429,2007
HUMANITIES,0,Female,Yes,48539,2012
STEM,0,Male,No,66386,2014
STEM,0,Male,No,20460,2007
HUMANITIES,1,Female,Yes,48339,2005
HUMANITIES,0,Female,Yes,53706,2006
STEM,0,Female,No,58890,2005
BUSINESS,1,Male,No,54845,2012
HUMANITIES,0,Female,Yes,40597,2014
STEM,0,Female,No,54147,2010
STEM,1,Male,No,56709,2011
HUMANITIES,0,Female,No,45180,2007
HUMANITIES,0,Male,Yes,53462,2015
HUMANITIES,0,Female,Yes,62313,2009
STEM,1,Male,No,55677,2009
STEM,0,Male,No,49437,2010
STEM,0,Male,No,43639,2013
HUMANITIES,0,Female,Yes,53508,2007
HUMANITIES,0,Female,Yes,43970,2011
STEM,0,Male,No,42252,2013
STEM,1,Male,No,51998,2009
STEM,0,Male,No,38680,2014
BUSINESS,0,Female,Yes,37171,2012
STEM,0,Female,No,64595,2006
STEM,0,Male,Yes,37947,2011
STEM,0,Female,No,49913,2011
STEM,0,Male,No,43813,2005
STEM,1,Female,No,54500,2014
STEM,1,Male,No,46119,2014
STEM,0,Female,No,61521,2006
HUMANITIES,1,Female,No,69356,2008
BUSINESS,0,Female,No,63721,2011
STEM,0,Female,No,54290,2006
STEM,0,Male,No,61851,2015
HUMANITIES,1,Male,No,57887,2006
STEM,1,Female,No,33131,2009
STEM,0,Female,No,52070,2007
HUMANITIES,0,Female,Yes,53213,2012
HUMANITIES,0,Male,Yes,70418,2005
STEM,0,Male,No,62694,2014
STEM,1,Male,No,64897,2006
HUMANITIES,0,Female,No,34454,2005
STEM,0,Female,No,43839,2007
STEM,0,Female,No,66055,2005
STEM,0,Male,No,57349,2011
STEM,0,Female,No,42798,2013
STEM,1,Male,No,33142,2008
BUSINESS,0,Female,No,36779,2013
BUSINESS,0,Female,Yes,49870,2015
HUMANITIES,0,Female,No,50811,2010
STEM,0,Female,No,33624,2014
BUSINESS,0,Male,No,60833,2008
STEM,0,Male,No,81549,2011
STEM,0,Female,No,42159,2008
HUMANITIES,0,Male,No,46330,2006
STEM,0,Male,No,45917,2004
STEM,0,Male,No,39459,2008
HUMANITIES,0,Female,Yes,59130,2013
HUMANITIES,0,Male,Yes,76928,2013
HUMANITIES,0,Male,No,64217,2006
BUSINESS,0,Female,No,57247,2011
HUMANITIES,0,Male,Yes,66803,2015
HUMANITIES,0,Female,Yes,51203,2011
STEM,0,Male,No,34883,2009
STEM,1,Male,No,62757,2012
STEM,0,Male,No,45896,2005
STEM,0,Male,No,48194,2006
HUMANITIES,0,Female,Yes,53795,2009
HUMANITIES,0,Female,Yes,48205,2009
STEM,0,Male,No,51520,2008
STEM,0,Male,No,40361,2006
STEM,0,Male,No,60144,2010
STEM,0,Male,No,42943,2006
STEM,0,Male,No,61347,2012
STEM,0,Male,No,38145,2011
HUMANITIES,0,Male,No,71919,2004
BUSINESS,0,Female,No,46267,2006
BUSINESS,0,Male,No,30882,2009
BUSINESS,1,Female,Yes,38673,2009
HUMANITIES,0,Male,Yes,47000,2011
HUMANITIES,0,Male,Yes,60087,2010
HUMANITIES,0,Female,Yes,41977,2004
HUMANITIES,0,Female,No,61051,2007
STEM,0,Male,No,60559,2015
STEM,0,Male,No,60048,2006
STEM,1,Male,No,40891,2006
STEM,0,Male,No,42244,2009
STEM,0,Female,No,35078,2009
STEM,1,Male,No,42682,2006
STEM,0,Male,No,49233,2005
BUSINESS,0,Male,No,37640,2007
HUMANITIES,0,Female,Yes,50270,2012
STEM,1,Female,No,37651,2010
STEM,0,Female,No,54256,2005
BUSINESS,1,Male,No,52280,2010
STEM,1,Female,No,32423,2010
STEM,0,Male,No,45718,2010
STEM,1,Male,No,49008,2014
STEM,1,Male,No,39054,2007
STEM,1,Female,No,45469,2013
BUSINESS,0,Male,No,49762,2006
HUMANITIES,0,Female,No,58568,2007
HUMANITIES,0,Female,No,41895,2006
STEM,0,Male,No,32338,2011
BUSINESS,0,Female,No,26281,2010
HUMANITIES,1,Female,Yes,45698,2013
STEM,1,Male,No,64465,2010
BUSINESS,0,Male,No,37684,2009
STEM,0,Male,No,68256,2013
STEM,0,Male,No,32673,2013
STEM,0,Female,No,67347,2007
HUMANITIES,0,Female,No,49735,2009
HUMANITIES,1,Male,No,46118,2005
STEM,0,Male,No,44291,2012
BUSINESS,1,Male,No,49111,2009
STEM,0,Male,No,45751,2011
HUMANITIES,0,Female,Yes,47537,2015
STEM,0,Male,No,61670,2007
BUSINESS,0,Male,No,33880,2012
STEM,1,Male,No,45102,2011
STEM,0,Female,No,27287,2015
STEM,0,Male,No,38715,2012
HUMANITIES,0,Female,Yes,48053,2014
HUMANITIES,1,Female,Yes,61215,2014
STEM,0,Female,No,50539,2013
STEM,0,Male,No,55247,2013
BUSINESS,0,Male,No,57170,2008
STEM,0,Female,No,40192,2007
STEM,0,Male,No,58602,2005
STEM,0,Male,No,51947,2009
BUSINESS,1,Female,No,43492,2005
STEM,0,Female,No,47098,2006
STEM,0,Male,No,44101,2013
STEM,0,Male,No,51069,2008
HUMANITIES,0,Female,Yes,45821,2011
STEM,0,Female,No,32358,2008
STEM,0,Male,No,34576,2006
STEM,0,Male,No,46425,2010
STEM,1,Female,No,38360,2005
STEM,0,Male,No,48207,2007
STEM,0,Female,No,39422,2015
HUMANITIES,0,Female,No,50252,2009
HUMANITIES,0,Male,No,39718,2006
STEM,0,Female,No,49811,2010
STEM,0,Male,No,45496,2012
BUSINESS,0,Male,Yes,45968,2008
STEM,1,Female,No,43698,2011
STEM,1,Male,No,36174,2012
STEM,0,Male,No,56126,2011
STEM,0,Female,No,43171,2006
HUMANITIES,0,Female,No,38226,2009
BUSINESS,0,Male,No,39272,2006
STEM,1,Male,No,38730,2005
BUSINESS,0,Female,No,56295,2006
BUSINESS,0,Male,No,71355,2007
STEM,0,Male,No,39748,2009
HUMANITIES,0,Male,No,51902,2009
BUSINESS,0,Male,No,50144,2013
STEM,0,Male,No,54243,2006
STEM,1,Male,No,41758,2012
STEM,1,Male,No,40642,2005
STEM,0,Male,No,59499,2007
HUMANITIES,0,Male,No,64184,2009
BUSINESS,0,Female,No,36659,2005
STEM,1,Male,No,52706,2008
HUMANITIES,0,Female,No,54498,2008
STEM,0,Female,No,46919,2010
STEM,0,Male,No,47810,2012
STEM,0,Male,No,51294,2011
STEM,0,Male,No,62079,2007
HUMANITIES,0,Female,Yes,40674,2008
STEM,0,Male,No,30951,2012
STEM,0,Female,No,62461,2008
STEM,0,Female,No,51799,2009
STEM,0,Male,No,44528,2009
STEM,0,Male,No,46484,2012
HUMANITIES,1,Female,Yes,35386,2010
BUSINESS,0,Male,No,35469,2011
HUMANITIES,0,Female,Yes,46959,2004
STEM,1,Male,No,45806,2009
HUMANITIES,1,Female,Yes,51805,2007
BUSINESS,0,Female,No,58204,2004
STEM,1,Male,No,41723,2007
HUMANITIES,0,Female,No,34823,2007
HUMANITIES,1,Male,No,53629,2005
STEM,0,Male,No,49799,2013
STEM,0,Male,No,55976,2010
BUSINESS,0,Male,No,52465,2014
BUSINESS,0,Male,No,49118,2010
STEM,0,Male,No,48428,2014
STEM,0,Male,No,32831,2012
STEM,0,Male,No,53115,2006
STEM,0,Female,No,58429,2014
STEM,0,Male,No,48980,2013
HUMANITIES,0,Female,No,40706,2010
STEM,0,Female,No,55952,2009
STEM,0,Male,No,46051,2007
STEM,0,Male,No,43999,2013
BUSINESS,0,Male,Yes,45157,2009
STEM,0,Male,No,37516,2014
HUMANITIES,0,Male,Yes,42086,2006
STEM,1,Male,No,48709,2012
HUMANITIES,0,Female,Yes,59046,2010
HUMANITIES,0,Female,Yes,41117,2012
STEM,0,Male,No,28194,2011
HUMANITIES,1,Male,No,27700,2006
BUSINESS,1,Female,No,36494,2012
HUMANITIES,0,Female,Yes,32190,2005
STEM,0,Female,No,51050,2008
HUMANITIES,0,Male,Yes,60852,2013
STEM,0,Male,No,59760,2013
STEM,1,Male,No,53095,2007
BUSINESS,1,Male,No,46736,2014
BUSINESS,0,Male,No,49463,2009
STEM,0,Male,No,33428,2005
BUSINESS,1,Female,No,37334,2014
STEM,0,Male,No,52368,2006
HUMANITIES,1,Female,Yes,49799,2005
BUSINESS,0,Male,No,41355,2009
STEM,0,Male,No,51471,2013
HUMANITIES,0,Female,Yes,48430,2010
BUSINESS,0,Female,No,41700,2009
BUSINESS,0,Male,No,52023,2007
STEM,0,Male,No,51495,2011
STEM,0,Male,No,53168,2010
HUMANITIES,0,Female,Yes,41785,2015
HUMANITIES,0,Female,No,46394,2013
BUSINESS,0,Female,Yes,71908,2013
HUMANITIES,1,Female,Yes,44255,2010
STEM,1,Male,No,49675,2006
STEM,0,Male,No,44752,2011
STEM,0,Male,No,52023,2007
STEM,1,Female,No,57065,2010
BUSINESS,1,Female,No,46870,2008
STEM,0,Male,No,46647,2013
STEM,0,Female,No,31864,2006
BUSINESS,0,Female,No,45827,2009
STEM,1,Male,No,56816,2006
HUMANITIES,1,Female,No,50421,2008
STEM,0,Male,No,47238,2007
STEM,0,Male,No,42782,2014
HUMANITIES,0,Female,Yes,46472,2012
STEM,0,Female,No,45975,2008
HUMANITIES,0,Male,Yes,39083,2013
STEM,0,Male,No,52757,2005
HUMANITIES,0,Male,No,47482,2008
STEM,0,Male,No,44815,2012
STEM,0,Male,No,50090,2011
HUMANITIES,1,Female,No,56002,2005
STEM,0,Male,No,67615,2014
STEM,0,Male,No,45049,2008
STEM,0,Male,No,54789,2013
BUSINESS,0,Male,No,43745,2005
HUMANITIES,1,Female,Yes,40163,2012
HUMANITIES,0,Male,No,41969,2006
STEM,0,Female,No,45160,2010
HUMANITIES,1,Female,Yes,62658,2010
HUMANITIES,1,Male,No,34634,2010
STEM,0,Male,No,45430,2012
HUMANITIES,1,Male,No,71065,2011
HUMANITIES,1,Female,Yes,50536,2014
HUMANITIES,0,Female,Yes,49445,2011
BUSINESS,0,Male,No,53280,2014
HUMANITIES,0,Male,No,60263,2007
BUSINESS,1,Male,No,39982,2008
BUSINESS,1,Female,No,54822,2006
STEM,0,Female,No,34729,2005
HUMANITIES,0,Female,Yes,50033,2012
STEM,1,Male,No,51520,2008
STEM,1,Male,No,63978,2008
HUMANITIES,0,Male,No,44039,2007
STEM,0,Male,No,64372,2005
STEM,1,Female,No,58829,2007
STEM,0,Male,No,32875,2004
BUSINESS,0,Female,No,38687,2006
HUMANITIES,1,Male,No,36135,2005
STEM,0,Male,No,53610,2014
STEM,0,Female,No,42231,2008
STEM,0,Male,No,44037,2009
STEM,0,Male,No,63799,2005
HUMANITIES,1,Female,No,64755,2008
BUSINESS,0,Male,No,50291,2010
HUMANITIES,0,Male,Yes,40307,2013
STEM,1,Male,No,42430,2005
BUSINESS,0,Male,No,54020,2006
STEM,1,Male,No,40346,2008
STEM,0,Female,No,42353,2014
STEM,0,Male,No,56458,2009
HUMANITIES,0,Male,Yes,65190,2008
STEM,0,Male,No,68392,2010
STEM,0,Female,No,47834,2006
STEM,0,Male,No,45882,2011
STEM,1,Male,No,60245,2004
STEM,0,Male,No,38557,2013
HUMANITIES,0,Female,Yes,48689,2013
STEM,0,Male,No,45705,2005
STEM,0,Male,No,45798,2011
STEM,0,Male,No,31388,2009
STEM,0,Male,Yes,41669,2012
STEM,0,Male,No,24804,2012
STEM,0,Male,No,38195,2014
BUSINESS,0,Male,No,68869,2005
BUSINESS,0,Male,No,48440,2009
STEM,0,Male,No,45917,2008
HUMANITIES,0,Male,Yes,49180,2013
HUMANITIES,0,Female,No,51053,2007
HUMANITIES,0,Male,No,43080,2005
HUMANITIES,1,Female,Yes,51728,2011
STEM,1,Male,No,51064,2006
STEM,0,Male,No,44479,2008
STEM,0,Female,Yes,37141,2010
STEM,0,Male,No,46603,2008
HUMANITIES,1,Female,Yes,59229,2013
STEM,0,Female,No,56329,2007
STEM,0,Male,No,48483,2005
STEM,0,Male,No,52524,2011
STEM,0,Female,No,45045,2014
BUSINESS,0,Female,No,60953,2009
BUSINESS,0,Female,No,31720,2009
BUSINESS,0,Female,No,66280,2008
HUMANITIES,0,Female,No,44300,2010
HUMANITIES,1,Male,No,46049,2005
STEM,0,Male,No,55716,2009
STEM,0,Male,No,61430,2008
BUSINESS,0,Male,No,70051,2008
HUMANITIES,0,Female,Yes,68092,2011
HUMANITIES,0,Female,No,49174,2007
HUMANITIES,0,Female,No,44252,2013
STEM,0,Male,No,56271,2011
STEM,0,Male,No,58646,2014
STEM,0,Male,No,47102,2013
STEM,0,Male,No,41603,2007
HUMANITIES,0,Female,Yes,37282,2014
HUMANITIES,0,Female,Yes,49469,2011
BUSINESS,0,Male,No,42544,2007
STEM,0,Male,No,36298,2007
BUSINESS,0,Male,No,48783,2005
HUMANITIES,1,Female,Yes,36535,2011
STEM,1,Male,No,64209,2013
STEM,0,Female,No,54497,2008
HUMANITIES,0,Male,No,40806,2007
BUSINESS,0,Female,No,54275,2013
STEM,0,Male,No,37827,2013
STEM,0,Male,No,52810,2015
HUMANITIES,0,Male,Yes,42540,2010
BUSINESS,0,Female,No,48381,2013
BUSINESS,0,Male,No,27327,2007
HUMANITIES,0,Female,Yes,52436,2008
HUMANITIES,0,Male,No,50044,2009
HUMANITIES,0,Male,Yes,60373,2007
HUMANITIES,0,Male,No,64557,2007
BUSINESS,0,Male,No,45376,2007
STEM,0,Male,No,36175,2014
HUMANITIES,0,Female,No,38459,2007
STEM,0,Male,Yes,65361,2011
STEM,0,Male,No,70520,2011
STEM,1,Male,No,60680,2010
STEM,0,Female,No,45970,2011
STEM,1,Male,No,42472,2008
HUMANITIES,1,Female,Yes,39153,2011
BUSINESS,0,Male,No,61520,2014
BUSINESS,0,Female,Yes,43958,2013
STEM,0,Female,No,43042,2013
HUMANITIES,0,Male,Yes,42908,2013
HUMANITIES,0,Female,Yes,50191,2011
STEM,0,Female,No,46699,2008
STEM,0,Male,No,34630,2009
BUSINESS,1,Female,No,47613,2006
STEM,0,Female,No,64083,2011
STEM,0,Male,No,65756,2006
BUSINESS,0,Male,No,63149,2012
STEM,0,Male,No,69890,2011
BUSINESS,0,Female,No,49087,2006
HUMANITIES,0,Female,No,52241,2008
BUSINESS,0,Female,No,44107,2011
BUSINESS,0,Female,Yes,44034,2008
HUMANITIES,0,Female,Yes,51929,2012
HUMANITIES,0,Female,Yes,42635,2005
HUMANITIES,0,Female,No,36632,2006
STEM,0,Male,No,43572,2010
HUMANITIES,0,Female,Yes,49570,2013
HUMANITIES,0,Female,Yes,69545,2013
STEM,0,Female,No,47912,2007
STEM,0,Male,No,66523,2004
STEM,0,Male,No,48710,2013
STEM,1,Female,No,49656,2010
HUMANITIES,0,Male,No,58033,2006
HUMANITIES,1,Female,Yes,29530,2009
HUMANITIES,0,Male,No,36402,2010
STEM,0,Male,No,42203,2010
HUMANITIES,0,Male,No,50747,2009
STEM,0,Male,No,43565,2014
BUSINESS,0,Male,No,60003,2005
STEM,1,Male,No,45230,2010
HUMANITIES,0,Female,No,54953,2008
HUMANITIES,0,Female,No,61160,2005
BUSINESS,0,Female,No,31450,2012
HUMANITIES,0,Female,Yes,50740,2011
HUMANITIES,0,Female,Yes,43050,2012
HUMANITIES,0,Female,No,58772,2006
BUSINESS,0,Male,No,47539,2013
STEM,0,Male,No,64791,2015
STEM,1,Male,No,33006,2005
STEM,0,Female,No,41468,2010
HUMANITIES,0,Male,No,28617,2014
STEM,0,Male,No,39670,2013
STEM,0,Male,No,47843,2004
STEM,1,Female,No,52242,2006
STEM,0,Male,No,48836,2010
BUSINESS,1,Male,No,33018,2008
STEM,0,Female,No,39209,2006
STEM,0,Male,No,68654,2012
BUSINESS,0,Male,No,51484,2008
BUSINESS,0,Male,No,56565,2009
BUSINESS,0,Female,No,37898,2012
STEM,1,Male,No,64960,2012
BUSINESS,0,Female,Yes,62559,2011
BUSINESS,0,Male,Yes,59806,2014
HUMANITIES,1,Female,Yes,26641,2014
BUSINESS,0,Male,Yes,63964,2012
HUMANITIES,0,Male,Yes,56969,2007
HUMANITIES,0,Female,No,41270,2007
HUMANITIES,0,Female,Yes,34006,2009
HUMANITIES,0,Female,Yes,52624,2013
STEM,0,Male,No,50534,2010
STEM,1,Male,No,38281,2004
BUSINESS,0,Male,No,47302,2014
BUSINESS,0,Male,No,48292,2014
BUSINESS,1,Female,No,46965,2005
HUMANITIES,1,Male,Yes,71073,2011
STEM,0,Male,No,45285,2008
HUMANITIES,0,Female,No,64197,2004
HUMANITIES,0,Male,No,49048,2010
HUMANITIES,1,Male,Yes,41155,2010
STEM,0,Male,No,39703,2015
STEM,0,Female,No,42378,2009
STEM,0,Female,No,56056,2004
HUMANITIES,0,Female,Yes,39686,2004
HUMANITIES,0,Female,No,34714,2013
STEM,0,Female,No,39869,2006
STEM,0,Male,No,57075,2013
BUSINESS,0,Male,No,70159,2011
STEM,0,Female,No,51459,2007
HUMANITIES,1,Male,Yes,45281,2009
STEM,0,Male,No,47218,2014
HUMANITIES,0,Female,No,51931,2007
STEM,0,Male,No,44928,2012
HUMANITIES,0,Female,No,38657,2007
STEM,0,Male,No,57309,2010
STEM,1,Male,No,38180,2008
STEM,0,Male,No,58320,2007
BUSINESS,0,Male,No,59188,2004
BUSINESS,0,Female,No,41141,2007
STEM,0,Female,No,44664,2008
STEM,0,Female,No,49081,2007
STEM,1,Male,No,74157,2010
STEM,1,Female,No,46405,2012
HUMANITIES,0,Male,Yes,66869,2014
HUMANITIES,0,Female,Yes,57629,2012
BUSINESS,0,Female,No,66861,2012
HUMANITIES,0,Female,Yes,44304,2011
HUMANITIES,0,Male,Yes,32295,2007
STEM,0,Male,No,48833,2013
STEM,0,Male,No,49243,2013
BUSINESS,0,Female,No,49633,2007
HUMANITIES,0,Female,Yes,58500,2013
STEM,0,Female,No,37504,2015
HUMANITIES,1,Female,Yes,41766,2011
BUSINESS,0,Female,Yes,40639,2012
STEM,0,Female,No,40893,2011
BUSINESS,0,Male,Yes,43104,2011
STEM,0,Male,No,58113,2011
BUSINESS,0,Female,No,44429,2013
STEM,0,Male,No,63954,2005
STEM,0,Male,No,35985,2013
BUSINESS,0,Male,No,40951,2011
HUMANITIES,1,Male,No,38873,2005
BUSINESS,0,Female,Yes,45292,2014
HUMANITIES,0,Female,Yes,45295,2012
BUSINESS,0,Male,No,38708,2005
HUMANITIES,1,Female,Yes,38764,2005
STEM,0,Male,No,30154,2005
HUMANITIES,0,Female,Yes,57417,2011
BUSINESS,1,Male,No,77599,2011
HUMANITIES,0,Male,No,48895,2007
HUMANITIES,1,Female,No,56173,2008
STEM,0,Male,No,41365,2006
STEM,0,Male,No,46448,2008
STEM,0,Male,No,39467,2009
BUSINESS,0,Male,No,33045,2012
STEM,0,Female,No,60359,2012
STEM,0,Female,No,31232,2007
HUMANITIES,0,Female,No,53117,2010
STEM,0,Male,No,47829,2006
HUMANITIES,1,Male,No,36441,2014
STEM,0,Male,No,44212,2007
STEM,1,Male,No,33842,2014
HUMANITIES,0,Male,Yes,49159,2009
STEM,0,Female,No,31184,2011
STEM,0,Male,No,46678,2011
STEM,0,Male,No,53804,2006
HUMANITIES,0,Female,Yes,55758,2012
STEM,1,Female,No,32840,2011
HUMANITIES,0,Female,Yes,54355,2011
HUMANITIES,1,Male,Yes,38228,2011
STEM,0,Male,No,46438,2006
BUSINESS,0,Female,No,36459,2009
BUSINESS,0,Female,No,42191,2013
STEM,0,Male,No,46864,2010
STEM,1,Female,No,44170,2012
STEM,1,Male,No,31417,2005
HUMANITIES,0,Female,No,52508,2011
STEM,0,Male,No,45078,2006
STEM,1,Male,No,42997,2011
HUMANITIES,0,Male,No,44826,2008
STEM,0,Male,No,69891,2007
STEM,0,Male,No,33160,2009
BUSINESS,1,Male,No,47913,2009
HUMANITIES,0,Female,Yes,44896,2012
HUMANITIES,0,Female,No,43314,2005
STEM,0,Male,No,48487,2012
BUSINESS,1,Male,No,55043,2008
STEM,0,Male,No,53803,2006
HUMANITIES,0,Female,Yes,60765,2006
HUMANITIES,0,Male,Yes,56374,2014
STEM,1,Male,No,62865,2012
STEM,1,Female,No,50977,2005
STEM,1,Male,No,61853,2007
HUMANITIES,0,Male,No,43236,2008
BUSINESS,0,Female,No,67935,2007
BUSINESS,0,Male,Yes,59423,2012
HUMANITIES,0,Female,Yes,45585,2011
BUSINESS,0,Male,No,55543,2007
STEM,0,Male,No,44669,2007
BUSINESS,0,Male,Yes,41802,2012
HUMANITIES,0,Female,No,47492,2004
HUMANITIES,1,Female,No,37534,2007
STEM,0,Male,No,71101,2015
HUMANITIES,0,Female,Yes,49632,2009
HUMANITIES,1,Female,No,47908,2007
STEM,0,Male,No,60311,2007
BUSINESS,1,Female,No,59622,2007
STEM,0,Male,No,47591,2006
STEM,0,Male,No,61182,2004
HUMANITIES,0,Female,No,49878,2004
STEM,0,Male,No,47393,2011
HUMANITIES,1,Male,Yes,46640,2013
HUMANITIES,0,Female,Yes,52676,2011
BUSINESS,0,Female,No,31350,2011
STEM,0,Male,No,36508,2014
STEM,1,Male,No,43928,2007
STEM,0,Male,No,42752,2007
STEM,0,Male,No,44903,2007
BUSINESS,0,Female,Yes,43077,2014
STEM,0,Male,No,42908,2014
STEM,0,Male,No,52859,2011
HUMANITIES,0,Female,Yes,60451,2013
STEM,0,Male,No,59345,2011
STEM,0,Female,No,63767,2006
BUSINESS,1,Male,No,59459,2008
STEM,1,Male,No,46657,2009
STEM,0,Female,No,64471,2012
STEM,1,Male,No,38661,2007
STEM,0,Male,No,38223,2009
HUMANITIES,0,Male,Yes,49015,2014
STEM,0,Female,No,49230,2012
STEM,0,Male,No,54074,2010
STEM,0,Female,No,65918,2008
STEM,1,Male,No,49528,2010
HUMANITIES,1,Male,Yes,56813,2004
STEM,0,Male,No,35747,2014
STEM,1,Male,No,59189,2011
STEM,0,Male,No,56785,2008
HUMANITIES,1,Female,Yes,67190,2014
STEM,0,Female,No,55505,2006
STEM,0,Male,No,47225,2011
HUMANITIES,0,Male,No,51687,2014
HUMANITIES,0,Female,Yes,42809,2006
HUMANITIES,0,Female,Yes,48068,2014
BUSINESS,0,Male,No,35116,2005
STEM,0,Female,No,42901,2013
HUMANITIES,0,Male,Yes,53487,2010
STEM,0,Male,No,40118,2008
STEM,0,Male,No,45606,2004
STEM,0,Male,No,69617,2010
HUMANITIES,0,Female,No,46296,2007
BUSINESS,0,Male,No,55523,2008
HUMANITIES,1,Female,Yes,55660,2006
STEM,0,Female,No,41977,2013
STEM,0,Male,No,43783,2008
HUMANITIES,0,Male,Yes,61385,2012
BUSINESS,0,Male,No,51572,2013
BUSINESS,0,Female,No,49767,2007
HUMANITIES,1,Male,No,33487,2008
BUSINESS,0,Female,No,54628,2008
HUMANITIES,0,Female,Yes,90699,2012
STEM,1,Male,No,53293,2013
STEM,0,Male,No,47599,2008
STEM,0,Male,No,32161,2007
HUMANITIES,1,Female,Yes,53676,2010
HUMANITIES,0,Male,No,51395,2008
HUMANITIES,0,Female,No,56556,2005
STEM,0,Male,No,50496,2005
STEM,1,Male,No,43426,2011
STEM,0,Male,No,49079,2004
HUMANITIES,1,Female,Yes,33451,2015
BUSINESS,1,Male,No,41786,2012
STEM,0,Female,Yes,70573,2014
HUMANITIES,0,Female,No,67441,2013
HUMANITIES,0,Female,Yes,68267,2006
STEM,1,Female,Yes,49458,2012
HUMANITIES,0,Female,Yes,40954,2010
STEM,0,Female,No,61331,2008
HUMANITIES,1,Male,No,39239,2013
BUSINESS,1,Male,No,49393,2008
HUMANITIES,1,Female,Yes,64569,2011
HUMANITIES,1,Female,No,47098,2013
HUMANITIES,0,Male,Yes,40519,2013
HUMANITIES,0,Female,Yes,52181,2006
HUMANITIES,1,Female,Yes,63139,2006
STEM,1,Female,No,44866,2010
STEM,0,Female,No,47176,2008
HUMANITIES,0,Male,No,36656,2008
STEM,0,Female,No,43346,2008
STEM,0,Female,No,58263,2008
BUSINESS,0,Male,Yes,55834,2013
STEM,0,Male,No,63305,2014
STEM,0,Female,No,36615,2006
BUSINESS,0,Female,No,58769,2008
HUMANITIES,1,Male,No,44716,2005
STEM,1,Male,No,24109,2012
STEM,0,Female,No,58221,2011
STEM,0,Male,No,66534,2013
BUSINESS,0,Female,No,53151,2010
BUSINESS,0,Female,No,51562,2007
STEM,0,Male,No,46132,2010
HUMANITIES,0,Female,Yes,43244,2009
STEM,0,Male,No,51656,2010
STEM,0,Female,No,29791,2010
STEM,0,Male,No,57321,2006
HUMANITIES,0,Male,No,37905,2004
STEM,0,Female,No,39690,2011
BUSINESS,1,Male,No,41600,2005
HUMANITIES,0,Male,Yes,44977,2011
BUSINESS,1,Female,No,59390,2009
HUMANITIES,0,Female,No,34539,2008
STEM,1,Male,No,38548,2011
HUMANITIES,0,Female,Yes,53443,2008
HUMANITIES,0,Female,Yes,59967,2012
STEM,0,Female,No,46240,2008
STEM,0,Male,No,43435,2011
STEM,0,Male,No,60429,2006
STEM,0,Male,No,55136,2008
STEM,0,Male,No,38493,2011
HUMANITIES,0,Male,Yes,34026,2011
HUMANITIES,1,Female,Yes,43245,2012
STEM,1,Male,No,43803,2010
HUMANITIES,1,Female,Yes,40651,2007
STEM,0,Female,No,39028,2008
HUMANITIES,0,Male,No,59531,2008
HUMANITIES,0,Female,No,54699,2006
HUMANITIES,0,Female,Yes,45055,2012
STEM,0,Male,No,38959,2007
STEM,0,Male,No,42975,2012
STEM,0,Male,No,34790,2006
HUMANITIES,0,Male,No,56066,2006
STEM,0,Male,No,50516,2007
STEM,0,Male,No,36918,2005
BUSINESS,0,Female,No,41512,2005
STEM,0,Male,No,74410,2013
HUMANITIES,0,Female,No,58095,2009
BUSINESS,1,Female,No,50962,2009
STEM,0,Male,No,50858,2008
STEM,0,Male,No,45874,2006
HUMANITIES,0,Female,Yes,58007,2006
BUSINESS,0,Female,No,57804,2005
HUMANITIES,0,Female,No,46662,2009
BUSINESS,1,Male,No,82967,2008
STEM,0,Female,No,39005,2006
STEM,0,Female,No,43800,2011
BUSINESS,0,Male,No,52607,2010
HUMANITIES,0,Female,Yes,31349,2010
BUSINESS,1,Female,Yes,35603,2013
HUMANITIES,1,Female,No,38997,2007
STEM,0,Male,No,31655,2013
HUMANITIES,0,Female,Yes,24950,2011
BUSINESS,0,Male,No,46911,2013
STEM,0,Male,No,43690,2012
HUMANITIES,0,Male,Yes,26358,2012
STEM,0,Male,No,57216,2008
STEM,0,Male,Yes,37062,2012
HUMANITIES,1,Female,Yes,56679,2010
STEM,1,Female,No,58178,2010
STEM,0,Male,No,70341,2013
STEM,0,Female,No,51170,2007
STEM,0,Male,No,32134,2012
HUMANITIES,0,Female,No,41160,2010
STEM,0,Male,No,39811,2012
HUMANITIES,0,Female,No,50163,2006
STEM,0,Female,No,61003,2008
STEM,0,Male,No,32515,2009
HUMANITIES,1,Male,No,52212,2012
BUSINESS,1,Female,Yes,44686,2012
STEM,1,Male,No,51351,2011
HUMANITIES,0,Female,Yes,44586,2011
STEM,0,Male,No,61063,2006
STEM,0,Female,No,49686,2013
STEM,0,Male,No,57028,2010
BUSINESS,1,Male,No,63847,2005
BUSINESS,0,Female,No,52074,2012
STEM,0,Male,No,67082,2010
STEM,0,Male,No,46611,2011
HUMANITIES,0,Female,Yes,68932,2010
BUSINESS,0,Male,No,57064,2007
HUMANITIES,0,Male,Yes,41921,2014
STEM,0,Male,No,34850,2012
STEM,0,Female,No,43072,2005
HUMANITIES,0,Female,Yes,62329,2011
HUMANITIES,0,Female,Yes,39154,2011
STEM,0,Male,No,43260,2010
STEM,0,Male,No,31160,2010
STEM,0,Male,No,67081,2013
HUMANITIES,1,Male,No,32095,2008
BUSINESS,0,Female,No,40338,2011
STEM,0,Female,No,43352,2007
HUMANITIES,1,Male,Yes,68115,2013
HUMANITIES,0,Female,Yes,50530,2004
HUMANITIES,1,Female,Yes,53744,2012
STEM,0,Male,No,49518,2006
STEM,0,Male,No,42168,2011
STEM,0,Male,No,48414,2010
STEM,0,Female,No,56043,2009
HUMANITIES,0,Female,Yes,59299,2015
HUMANITIES,0,Male,Yes,32382,2014
STEM,0,Male,No,51861,2005
STEM,0,Male,No,40132,2011
BUSINESS,0,Female,No,64944,2009
STEM,1,Male,No,42142,2009
BUSINESS,1,Female,No,47635,2011
BUSINESS,1,Male,No,52856,2012
BUSINESS,0,Female,No,52512,2009
STEM,0,Female,No,44475,2012
BUSINESS,0,Female,Yes,47427,2013
STEM,0,Female,No,77334,2006
HUMANITIES,0,Male,No,41536,2005
STEM,0,Male,No,39492,2011
STEM,0,Female,No,43398,2009
HUMANITIES,0,Female,Yes,51604,2009
HUMANITIES,0,Female,No,49444,2011
BUSINESS,0,Female,No,35493,2005
STEM,0,Female,No,58779,2008
STEM,0,Female,No,35681,2005
STEM,0,Male,No,52705,2008
STEM,1,Male,No,60775,2009
BUSINESS,0,Female,No,43022,2005
HUMANITIES,0,Female,Yes,46506,2008
HUMANITIES,0,Male,No,46439,2008
BUSINESS,0,Female,Yes,45415,2012
HUMANITIES,0,Female,Yes,45524,2012
HUMANITIES,0,Female,Yes,52773,2005
STEM,0,Female,No,47568,2013
HUMANITIES,0,Female,Yes,51598,2014
HUMANITIES,0,Male,Yes,39519,2010
STEM,0,Male,No,48275,2010
BUSINESS,1,Female,No,36044,2013
STEM,0,Male,No,51607,2011
HUMANITIES,0,Male,No,36824,2006
HUMANITIES,0,Male,No,39246,2008
STEM,1,Male,No,62952,2010
STEM,0,Male,No,56845,2009
STEM,0,Male,No,49915,2010
STEM,0,Male,No,42463,2013
STEM,0,Female,No,35451,2014
BUSINESS,1,Male,No,66324,2007
HUMANITIES,0,Male,No,32799,2008
STEM,0,Male,No,57770,2011
STEM,0,Female,No,59964,2011
STEM,1,Male,No,60507,2010
STEM,0,Female,No,57022,2013
HUMANITIES,0,Male,Yes,53380,2010
STEM,0,Female,No,58658,2008
STEM,0,Male,No,39662,2006
STEM,0,Male,No,45637,2008
HUMANITIES,0,Female,Yes,34952,2006
STEM,0,Male,No,42022,2010
HUMANITIES,0,Female,Yes,46899,2011
STEM,0,Male,No,44472,2012
BUSINESS,0,Male,No,57403,2007
STEM,0,Male,No,44605,2009
HUMANITIES,0,Female,Yes,55095,2009
STEM,0,Male,No,43287,2009
STEM,1,Male,No,43758,2012
STEM,0,Male,No,41589,2007
STEM,0,Female,No,46456,2013
HUMANITIES,0,Female,Yes,29142,2013
STEM,0,Male,No,55872,2012
BUSINESS,1,Female,No,33903,2008
HUMANITIES,0,Male,Yes,58952,2006
HUMANITIES,0,Female,Yes,52456,2014
HUMANITIES,0,Female,No,44966,2005
HUMANITIES,0,Female,Yes,41493,2013
STEM,0,Female,No,31820,2009
STEM,0,Male,No,52722,2014
STEM,0,Male,No,54759,2007
STEM,0,Female,No,53877,2011
BUSINESS,1,Female,No,44261,2007
STEM,0,Female,No,53058,2006
STEM,0,Male,No,38612,2011
HUMANITIES,0,Female,Yes,51527,2008
STEM,0,Male,No,49361,2008
STEM,0,Male,No,33352,2013
HUMANITIES,0,Female,Yes,39336,2004
BUSINESS,0,Female,No,65068,2011
STEM,0,Male,No,65785,2006
BUSINESS,0,Male,Yes,65486,2011
STEM,0,Male,No,53771,2008
STEM,0,Male,No,46927,2009
HUMANITIES,0,Female,No,48979,2007
BUSINESS,0,Male,No,47808,2008
HUMANITIES,0,Female,No,61016,2007
BUSINESS,0,Female,No,50308,2009
HUMANITIES,0,Female,No,50237,2009
HUMANITIES,0,Female,Yes,60248,2014
BUSINESS,0,Male,No,53795,2013
STEM,0,Female,No,46373,2010
HUMANITIES,1,Female,No,46424,2007
STEM,0,Male,No,42748,2006
STEM,0,Male,No,54184,2006
BUSINESS,1,Female,No,33608,2006
STEM,0,Male,No,50995,2012
HUMANITIES,1,Female,Yes,45679,2010
HUMANITIES,0,Female,No,75391,2006
HUMANITIES,1,Female,No,44303,2008
STEM,0,Male,No,40232,2007
BUSINESS,0,Male,No,45212,2008
HUMANITIES,0,Male,Yes,51389,2013
STEM,1,Male,No,44690,2012
BUSINESS,0,Male,No,45245,2010
STEM,0,Male,No,53131,2009
HUMANITIES,0,Male,No,39594,2005
HUMANITIES,0,Male,Yes,48320,2009
BUSINESS,0,Male,Yes,40337,2006
STEM,0,Male,No,50306,2015
STEM,1,Male,No,62172,2011
STEM,0,Male,No,51659,2015
BUSINESS,0,Male,No,36176,2006
STEM,0,Male,No,22907,2005
HUMANITIES,0,Female,No,22357,2005
HUMANITIES,0,Female,No,48945,2005
STEM,0,Male,No,59677,2006
STEM,0,Male,No,41811,2008
HUMANITIES,0,Female,No,46134,2008
BUSINESS,1,Female,No,32763,2015
HUMANITIES,0,Female,No,33681,2005
STEM,1,Male,No,36281,2010
STEM,0,Male,No,48634,2012
STEM,0,Male,No,34718,2007
STEM,0,Female,No,44522,2006
BUSINESS,0,Male,No,49905,2010
STEM,0,Male,No,52468,2009
HUMANITIES,1,Female,Yes,52747,2005
STEM,0,Male,No,47520,2007
STEM,0,Male,No,42476,2008
BUSINESS,0,Female,No,61390,2010
HUMANITIES,0,Female,Yes,46596,2012
BUSINESS,0,Male,No,36090,2004
HUMANITIES,0,Male,Yes,50768,2006
STEM,0,Female,No,28597,2009
STEM,0,Male,No,60231,2008
HUMANITIES,0,Female,Yes,38960,2011
STEM,0,Male,No,53419,2010
STEM,0,Female,No,30109,2009
HUMANITIES,0,Female,No,66133,2004
BUSINESS,0,Female,Yes,68753,2010
HUMANITIES,0,Male,No,32971,2005
BUSINESS,0,Female,Yes,48196,2011
STEM,0,Female,No,62305,2009
BUSINESS,0,Female,Yes,48058,2014
HUMANITIES,0,Male,Yes,52664,2008
STEM,0,Female,No,45042,2008
BUSINESS,0,Male,No,58179,2007
BUSINESS,0,Male,Yes,51663,2013
STEM,0,Male,No,38590,2006
HUMANITIES,1,Male,Yes,52061,2013
BUSINESS,0,Male,No,34448,2013
HUMANITIES,0,Female,Yes,57156,2011
STEM,0,Male,No,53504,2010
BUSINESS,0,Male,No,23923,2011
STEM,0,Male,No,53775,2004
BUSINESS,0,Female,Yes,30904,2012
HUMANITIES,0,Female,Yes,50656,2014
STEM,0,Male,No,30282,2005
BUSINESS,0,Female,No,60180,2005
HUMANITIES,0,Female,No,33149,2011
BUSINESS,0,Female,No,44030,2006
STEM,0,Male,No,42153,2007
HUMANITIES,0,Female,No,48535,2014
HUMANITIES,0,Male,Yes,70279,2012
HUMANITIES,0,Female,Yes,52041,2011
HUMANITIES,0,Male,No,32912,2010
BUSINESS,0,Female,No,50839,2008
HUMANITIES,1,Female,No,56972,2009
STEM,0,Female,No,39858,2009
STEM,0,Male,No,40366,2006
STEM,1,Male,No,54061,2009
HUMANITIES,0,Female,Yes,36247,2008
BUSINESS,0,Male,No,35016,2006
BUSINESS,1,Male,No,67398,2007
STEM,0,Male,No,53656,2012
BUSINESS,0,Male,No,50615,2012
STEM,0,Male,No,47249,2009
HUMANITIES,0,Male,No,50667,2004
STEM,0,Female,No,37018,2006
STEM,0,Male,No,53133,2010
STEM,0,Male,No,43167,2010
HUMANITIES,0,Female,No,49313,2006
STEM,0,Female,No,45428,2010
HUMANITIES,0,Female,Yes,52305,2013
HUMANITIES,0,Male,Yes,46912,2014
STEM,1,Male,No,31797,2005
STEM,0,Male,No,53459,2013
STEM,0,Male,No,35527,2010
BUSINESS,0,Male,No,59942,2008
BUSINESS,0,Male,No,54181,2006
HUMANITIES,0,Female,Yes,47855,2012
STEM,0,Male,No,42537,2009
BUSINESS,0,Female,Yes,61331,2014
HUMANITIES,0,Female,No,38394,2005
HUMANITIES,0,Female,No,43755,2009
STEM,0,Male,No,56516,2014
HUMANITIES,0,Female,Yes,36109,2010
STEM,1,Male,No,42510,2006
HUMANITIES,1,Female,Yes,58923,2011
STEM,1,Male,No,65876,2008
STEM,1,Male,No,52633,2010
BUSINESS,0,Female,No,41506,2005
HUMANITIES,0,Female,No,49284,2013
HUMANITIES,0,Male,No,28421,2010
STEM,0,Male,No,44491,2013
BUSINESS,0,Male,No,56682,2010
HUMANITIES,0,Female,Yes,31080,2011
BUSINESS,0,Male,No,62214,2007
STEM,0,Female,Yes,60431,2011
BUSINESS,0,Male,Yes,33038,2012
STEM,1,Male,No,48786,2015
STEM,0,Male,No,49544,2010
BUSINESS,0,Female,Yes,61224,2012
BUSINESS,1,Female,Yes,41640,2015
HUMANITIES,0,Male,Yes,48423,2011
BUSINESS,1,Male,No,30227,2014
HUMANITIES,0,Female,Yes,60204,2013
BUSINESS,0,Male,No,71193,2010
STEM,1,Male,No,32599,2006
STEM,0,Male,No,51943,2007
HUMANITIES,1,Female,Yes,60892,2008
STEM,0,Male,No,42877,2006
BUSINESS,0,Male,No,55749,2006
HUMANITIES,0,Female,Yes,51675,2013
STEM,0,Female,No,34683,2005
BUSINESS,0,Female,No,49020,2010
HUMANITIES,1,Female,Yes,43528,2009
STEM,1,Male,No,37333,2011
STEM,0,Male,No,56037,2006
STEM,0,Female,No,44504,2010
HUMANITIES,0,Female,Yes,55663,2006
STEM,1,Male,No,35394,2009
HUMANITIES,0,Male,No,46779,2010
BUSINESS,0,Female,No,51250,2010
HUMANITIES,0,Male,No,47783,2008
BUSINESS,0,Female,Yes,37859,2013
STEM,1,Male,No,61339,2009
STEM,1,Male,No,44097,2009
STEM,0,Female,No,64007,2007
HUMANITIES,0,Female,Yes,39718,2010
STEM,0,Female,No,44568,2008
HUMANITIES,0,Female,Yes,40206,2010
HUMANITIES,0,Female,No,45131,2007
BUSINESS,0,Male,No,50446,2011
STEM,0,Male,No,71636,2008
HUMANITIES,0,Male,Yes,35543,2010
STEM,0,Male,No,55520,2011
BUSINESS,0,Female,No,39683,2014
BUSINESS,0,Male,Yes,48053,2013
HUMANITIES,0,Female,Yes,61097,2012
HUMANITIES,0,Female,Yes,44357,2013
HUMANITIES,0,Female,No,64782,2005
STEM,0,Male,No,35979,2010
HUMANITIES,0,Female,Yes,64706,2010
STEM,0,Female,No,56786,2013
BUSINESS,0,Male,No,42332,2011
HUMANITIES,0,Female,Yes,37419,2010
BUSINESS,1,Male,No,30431,2007
HUMANITIES,0,Female,No,50213,2015
STEM,0,Male,No,53098,2010
STEM,0,Male,No,66638,2013
HUMANITIES,0,Female,No,69135,2004
STEM,0,Male,No,49097,2013
BUSINESS,0,Female,No,62997,2014
HUMANITIES,0,Female,No,44564,2013
STEM,0,Male,No,38045,2009
STEM,0,Male,No,47534,2007
STEM,0,Male,No,40806,2005
HUMANITIES,1,Female,Yes,42636,2013
HUMANITIES,0,Female,Yes,41906,2014
BUSINESS,0,Male,No,77805,2007
BUSINESS,0,Male,No,48314,2008
HUMANITIES,0,Female,No,78794,2006
HUMANITIES,0,Male,Yes,44460,2009
HUMANITIES,1,Male,Yes,47531,2014
STEM,1,Male,No,58024,2007
STEM,1,Male,No,53026,2009
STEM,0,Male,No,39761,2005
STEM,0,Female,No,64360,2005
STEM,1,Female,No,54725,2012
HUMANITIES,0,Male,No,54207,2005
BUSINESS,0,Male,No,46806,2005
HUMANITIES,0,Female,No,37178,2008
STEM,0,Male,No,61429,2006
STEM,0,Female,No,38063,2013
STEM,0,Male,No,41425,2012
STEM,0,Male,No,52815,2007
HUMANITIES,1,Female,Yes,52391,2005
HUMANITIES,0,Female,No,59373,2008
HUMANITIES,0,Female,Yes,46380,2011
STEM,0,Male,No,46667,2008
HUMANITIES,0,Male,Yes,51745,2010
STEM,0,Male,No,67654,2014
STEM,1,Female,No,55250,2011
STEM,0,Male,No,59180,2009
BUSINESS,0,Male,No,32911,2010
STEM,1,Male,No,44845,2008
HUMANITIES,1,Female,Yes,37007,2014
STEM,0,Male,No,43838,2005
HUMANITIES,1,Female,No,78426,2008
STEM,1,Male,No,59851,2008
HUMANITIES,1,Male,No,57606,2005
BUSINESS,0,Male,No,53585,2009
STEM,0,Female,No,57380,2007
BUSINESS,0,Female,No,69263,2008
STEM,0,Female,No,51181,2012
STEM,0,Female,No,44624,2010
BUSINESS,0,Female,No,68689,2013
HUMANITIES,1,Female,Yes,53000,2004
STEM,0,Female,No,31159,2010
STEM,0,Male,No,49352,2013
STEM,0,Male,No,40042,2012
HUMANITIES,0,Female,Yes,38742,2012
HUMANITIES,0,Female,No,32120,2007
STEM,0,Male,No,42283,2015
HUMANITIES,0,Female,No,43061,2005
HUMANITIES,0,Male,Yes,41282,2004
STEM,0,Female,No,25662,2010
STEM,0,Male,No,49412,2006
STEM,0,Male,No,41102,2005
HUMANITIES,1,Female,Yes,48228,2007
STEM,0,Male,No,58670,2006
HUMANITIES,1,Male,No,38271,2012
STEM,0,Female,No,44255,2012
HUMANITIES,0,Female,Yes,50000,2013
STEM,0,Male,No,75331,2005
HUMANITIES,0,Male,Yes,65834,2011
HUMANITIES,0,Female,Yes,45323,2010
STEM,0,Male,No,38118,2008
STEM,1,Male,No,50022,2004
STEM,1,Male,No,49285,2009
STEM,1,Female,No,41700,2015
BUSINESS,1,Male,No,55384,2015
BUSINESS,1,Female,No,50800,2008
STEM,0,Male,No,42083,2010
HUMANITIES,0,Female,Yes,50327,2013
STEM,0,Male,No,36888,2015
STEM,1,Male,No,54278,2008
STEM,0,Male,No,44172,2013
STEM,0,Male,No,62221,2006
STEM,0,Male,No,58439,2005
STEM,0,Male,No,45523,2004
HUMANITIES,1,Female,Yes,64326,2009
BUSINESS,0,Female,No,34862,2006
BUSINESS,0,Female,No,39801,2014
STEM,1,Male,No,47363,2015
BUSINESS,0,Female,Yes,44410,2005
BUSINESS,0,Male,No,46685,2010
STEM,0,Male,No,54982,2014
HUMANITIES,0,Male,No,69365,2010
STEM,0,Female,No,37378,2007
HUMANITIES,0,Female,Yes,36334,2011
STEM,0,Male,No,27951,2004
HUMANITIES,1,Female,Yes,66437,2006
HUMANITIES,0,Male,Yes,33631,2009
BUSINESS,0,Female,No,59953,2011
HUMANITIES,1,Female,Yes,23902,2012
BUSINESS,0,Male,No,51210,2005
STEM,0,Male,No,39595,2013
STEM,0,Male,No,58050,2005
STEM,0,Male,No,59190,2012
STEM,0,Male,No,47952,2008
STEM,0,Male,No,48785,2015
HUMANITIES,0,Female,No,73655,2006
BUSINESS,0,Female,Yes,59940,2010
STEM,0,Male,No,61810,2008
STEM,0,Female,No,31466,2011
STEM,1,Male,No,47782,2006
STEM,0,Male,No,61784,2008
BUSINESS,0,Female,No,48019,2009
STEM,0,Male,No,49481,2005
STEM,1,Male,No,55562,2009
HUMANITIES,0,Male,Yes,45860,2012
HUMANITIES,1,Female,No,45957,2005
STEM,0,Male,No,76597,2011
HUMANITIES,0,Female,Yes,35071,2014
STEM,0,Female,No,43205,2014
BUSINESS,0,Female,No,47375,2007
STEM,0,Male,No,39636,2007
STEM,1,Male,No,47980,2013
STEM,1,Female,No,33342,2007
HUMANITIES,0,Female,No,57141,2008
STEM,1,Female,No,59646,2013
STEM,0,Male,No,45085,2015
HUMANITIES,0,Female,Yes,41467,2010
HUMANITIES,0,Female,No,57275,2006
HUMANITIES,0,Female,Yes,53827,2009
HUMANITIES,0,Female,Yes,44772,2012
BUSINESS,0,Male,No,46071,2007
STEM,0,Female,No,48954,2008
HUMANITIES,1,Female,No,45760,2013
HUMANITIES,0,Female,No,33183,2004
STEM,1,Male,No,42794,2007
HUMANITIES,0,Male,No,33648,2015
HUMANITIES,0,Male,No,49326,2009
HUMANITIES,0,Female,No,39449,2013
BUSINESS,0,Male,Yes,54093,2011
BUSINESS,0,Female,Yes,58544,2013
STEM,0,Female,No,42842,2009
BUSINESS,0,Male,No,40628,2008
STEM,0,Male,No,64577,2010
HUMANITIES,0,Male,Yes,63465,2010
BUSINESS,0,Female,Yes,35432,2012
HUMANITIES,0,Female,Yes,49410,2008
STEM,1,Female,No,66259,2008
BUSINESS,0,Female,No,43327,2005
STEM,0,Male,No,55866,2007
HUMANITIES,1,Male,Yes,35601,2010
HUMANITIES,0,Male,No,69281,2008
BUSINESS,0,Male,No,48691,2011
STEM,0,Male,No,43742,2014
STEM,0,Male,No,37992,2015
HUMANITIES,1,Female,No,47994,2008
BUSINESS,0,Female,No,58458,2010
STEM,0,Male,No,50131,2010
BUSINESS,1,Male,No,54500,2008
BUSINESS,0,Female,No,32832,2006
STEM,0,Male,No,40269,2009
BUSINESS,0,Female,No,50901,2006
BUSINESS,0,Female,No,41008,2015
BUSINESS,0,Female,No,58851,2014
STEM,0,Male,No,37002,2008
HUMANITIES,0,Female,Yes,44288,2009
BUSINESS,0,Male,No,56169,2009
STEM,1,Male,Yes,37610,2010
BUSINESS,1,Female,No,38952,2007
STEM,0,Female,No,36815,2008
HUMANITIES,0,Female,Yes,51363,2006
STEM,1,Male,No,46051,2009
STEM,0,Female,No,50056,2010
STEM,0,Female,No,67000,2008
STEM,0,Male,No,47833,2005
HUMANITIES,0,Male,Yes,53535,2012
HUMANITIES,0,Male,Yes,51505,2013
HUMANITIES,0,Female,Yes,43181,2006
STEM,1,Female,No,62233,2009
HUMANITIES,0,Female,Yes,36025,2007
BUSINESS,0,Male,No,52813,2014
STEM,0,Male,No,42268,2005
STEM,1,Male,No,37221,2009
STEM,0,Female,No,23729,2008
STEM,0,Male,Yes,75373,2013
STEM,0,Male,No,50732,2011
HUMANITIES,0,Female,No,55719,2009
HUMANITIES,0,Female,Yes,40165,2013
STEM,0,Male,No,27916,2012
BUSINESS,1,Male,No,75798,2014
STEM,0,Female,No,30729,2013
STEM,0,Male,No,45575,2006
STEM,0,Male,No,47856,2005
STEM,0,Male,No,48367,2004
BUSINESS,1,Female,No,59124,2004
HUMANITIES,0,Female,Yes,50849,2007
BUSINESS,0,Male,No,57277,2006
HUMANITIES,1,Female,Yes,35596,2013
HUMANITIES,0,Female,Yes,36609,2007
BUSINESS,0,Male,Yes,46490,2015
HUMANITIES,0,Male,No,37456,2006
STEM,0,Female,No,62599,2009
STEM,0,Male,No,75249,2011
STEM,0,Male,No,48403,2012
STEM,1,Male,No,50549,2013
STEM,1,Male,No,37942,2008
HUMANITIES,0,Female,Yes,40135,2009
STEM,0,Female,No,48703,2007
STEM,0,Male,No,26220,2007
STEM,0,Female,No,47258,2012
STEM,0,Female,No,46384,2008
HUMANITIES,0,Female,Yes,49304,2013
STEM,0,Male,No,40780,2013
HUMANITIES,1,Female,Yes,48213,2014
STEM,1,Male,No,61465,2015
BUSINESS,0,Male,No,62749,2013
HUMANITIES,0,Female,No,35313,2007
STEM,1,Male,No,36885,2013
STEM,1,Male,No,66998,2006
BUSINESS,1,Male,No,33654,2004
BUSINESS,0,Female,No,64194,2008
STEM,0,Male,No,37484,2009
BUSINESS,0,Male,No,57153,2013
BUSINESS,0,Male,No,46165,2008
STEM,0,Male,No,49833,2012
HUMANITIES,0,Female,Yes,57732,2011
STEM,0,Male,No,51461,2009
HUMANITIES,0,Female,Yes,57611,2012
STEM,1,Male,No,55333,2015
STEM,0,Male,No,59772,2006
HUMANITIES,0,Female,Yes,42181,2015
STEM,0,Male,No,40441,2004
BUSINESS,0,Male,No,41837,2004
STEM,1,Female,No,38717,2008
HUMANITIES,0,Male,Yes,29927,2007
HUMANITIES,0,Male,Yes,60409,2006
STEM,0,Male,No,25459,2014
STEM,0,Male,No,55699,2015
BUSINESS,0,Male,No,40142,2011
STEM,0,Male,No,54286,2014
STEM,0,Male,No,54918,2007
STEM,0,Male,No,40823,2011
STEM,0,Male,No,34640,2005
STEM,0,Male,No,60207,2008
STEM,0,Male,No,52338,2008
HUMANITIES,0,Female,Yes,43635,2012
HUMANITIES,0,Female,No,45840,2004
HUMANITIES,0,Male,Yes,50730,2007
STEM,1,Male,No,55057,2010
STEM,0,Male,No,47424,2012
STEM,0,Male,No,65207,2009
HUMANITIES,0,Female,Yes,64344,2012
HUMANITIES,0,Female,Yes,38995,2013
BUSINESS,0,Male,No,51018,2006
HUMANITIES,0,Female,Yes,55055,2011
HUMANITIES,1,Female,Yes,38429,2014
STEM,0,Male,No,53960,2011
BUSINESS,1,Female,Yes,47516,2011
HUMANITIES,1,Female,No,53698,2008
HUMANITIES,0,Female,Yes,86534,2008
STEM,1,Male,No,60831,2007
BUSINESS,1,Male,No,43987,2014
STEM,1,Male,No,47187,2012
STEM,0,Male,No,38006,2012
BUSINESS,0,Female,No,52893,2014
HUMANITIES,0,Female,No,63791,2009
STEM,1,Female,No,44165,2005
HUMANITIES,0,Male,Yes,42254,2012
STEM,0,Male,No,39836,2006
STEM,0,Male,No,42665,2005
BUSINESS,0,Male,No,31177,2010
HUMANITIES,0,Female,No,42076,2009
BUSINESS,0,Male,No,31794,2015
HUMANITIES,0,Female,Yes,56014,2013
HUMANITIES,0,Female,Yes,36193,2012
STEM,0,Male,No,49965,2013
STEM,0,Female,No,52392,2009
HUMANITIES,0,Male,No,44340,2012
STEM,0,Male,No,72415,2006
HUMANITIES,0,Female,Yes,53678,2007
STEM,0,Male,No,46898,2008
STEM,0,Male,No,43413,2013
HUMANITIES,1,Female,Yes,56992,2014
HUMANITIES,0,Female,Yes,60739,2014
HUMANITIES,0,Female,No,49280,2007
STEM,0,Male,No,57380,2006
HUMANITIES,0,Female,No,45456,2007
STEM,0,Male,No,48592,2010
STEM,0,Male,No,43675,2012
BUSINESS,0,Male,No,42577,2009
STEM,0,Male,Yes,64210,2010
HUMANITIES,0,Female,Yes,40729,2011
STEM,1,Male,No,41575,2013
STEM,0,Male,No,35765,2005
STEM,0,Male,No,52554,2004
BUSINESS,0,Female,No,40376,2005
BUSINESS,1,Female,Yes,55877,2012
BUSINESS,0,Female,No,49215,2010
BUSINESS,0,Male,No,49007,2011
HUMANITIES,0,Male,Yes,39764,2013
BUSINESS,0,Female,No,55822,2007
HUMANITIES,0,Female,Yes,53796,2010
STEM,0,Female,No,52496,2009
STEM,0,Male,No,57119,2014
BUSINESS,1,Female,No,71771,2005
STEM,0,Male,No,54316,2008
STEM,1,Male,No,34885,2005
HUMANITIES,0,Female,Yes,47610,2011
STEM,0,Male,No,24013,2006
HUMANITIES,0,Male,No,43986,2005
HUMANITIES,0,Male,No,45852,2011
HUMANITIES,0,Male,No,41896,2008
HUMANITIES,1,Male,Yes,60568,2010
STEM,0,Male,No,32955,2009
STEM,0,Male,No,39375,2012
HUMANITIES,0,Female,No,44185,2007
HUMANITIES,0,Female,Yes,58563,2004
STEM,1,Male,No,46849,2006
HUMANITIES,0,Female,No,32102,2012
HUMANITIES,1,Male,Yes,35349,2005
BUSINESS,1,Female,No,37244,2012
HUMANITIES,0,Female,Yes,52065,2015
STEM,0,Male,No,36584,2007
STEM,0,Male,No,55604,2006
STEM,0,Male,No,46862,2007
HUMANITIES,0,Female,Yes,57433,2014
STEM,0,Male,No,44315,2011
STEM,0,Male,No,51898,2013
STEM,0,Male,No,37501,2011
STEM,0,Male,No,41773,2006
STEM,0,Male,No,51766,2014
HUMANITIES,0,Female,Yes,60606,2007
STEM,0,Male,No,34900,2013
STEM,0,Male,No,54149,2013
STEM,1,Male,No,48901,2008
STEM,0,Male,No,43756,2005
HUMANITIES,1,Male,Yes,65049,2011
STEM,0,Female,No,57775,2005
HUMANITIES,0,Male,Yes,43941,2012
STEM,0,Female,No,39486,2011
HUMANITIES,0,Female,Yes,48525,2010
STEM,0,Male,No,68997,2006
HUMANITIES,0,Male,No,67090,2014
HUMANITIES,1,Female,No,65333,2009
STEM,0,Male,No,54656,2007
STEM,0,Male,No,41719,2010
STEM,1,Female,No,38741,2006
STEM,1,Male,No,72870,2007
HUMANITIES,0,Female,Yes,64692,2012
STEM,0,Male,No,39771,2012
STEM,0,Male,No,31916,2006
STEM,0,Male,Yes,62930,2013
STEM,1,Male,No,39687,2011
HUMANITIES,0,Male,Yes,52503,2013
HUMANITIES,0,Female,No,55079,2008
BUSINESS,0,Female,Yes,33437,2011
STEM,0,Male,No,55653,2007
HUMANITIES,0,Male,Yes,37528,2013
STEM,0,Male,No,54569,2013
STEM,1,Male,No,61794,2006
STEM,0,Male,No,38133,2007
BUSINESS,0,Female,No,62943,2014
BUSINESS,0,Male,No,59661,2009
BUSINESS,0,Female,Yes,47154,2012
BUSINESS,0,Female,No,55509,2010
BUSINESS,0,Female,No,54976,2015
STEM,0,Male,Yes,56517,2013
STEM,0,Male,No,54098,2008
STEM,1,Male,No,83411,2007
HUMANITIES,0,Female,No,54221,2008
STEM,0,Male,No,44329,2013
HUMANITIES,0,Female,No,47639,2005
HUMANITIES,0,Female,Yes,33579,2007
STEM,0,Male,No,51883,2013
HUMANITIES,0,Male,Yes,40030,2011
HUMANITIES,1,Female,Yes,39234,2012
STEM,0,Male,No,58883,2011
STEM,0,Male,No,40970,2009
HUMANITIES,0,Female,No,43561,2009
HUMANITIES,1,Female,Yes,64582,2012
HUMANITIES,1,Female,Yes,45270,2012
BUSINESS,0,Male,No,39481,2012
STEM,0,Male,No,55043,2011
HUMANITIES,0,Female,No,62439,2004
HUMANITIES,0,Male,No,52538,2006
STEM,0,Male,No,51513,2006
HUMANITIES,0,Female,Yes,50928,2009
STEM,0,Male,No,53278,2008
STEM,0,Male,No,57138,2008
BUSINESS,0,Male,Yes,68413,2012
STEM,0,Male,No,67347,2010
STEM,0,Male,No,61100,2013
HUMANITIES,0,Male,No,43949,2005
HUMANITIES,0,Female,No,32548,2008
BUSINESS,0,Female,No,59510,2008
STEM,1,Male,No,40193,2007
HUMANITIES,0,Male,Yes,46742,2012
STEM,0,Female,No,40181,2011
STEM,1,Male,No,58000,2004
HUMANITIES,0,Male,No,34600,2008
HUMANITIES,1,Female,Yes,55186,2012
STEM,1,Male,No,37494,2008
STEM,0,Male,No,51933,2009
STEM,0,Male,No,38271,2010
HUMANITIES,0,Female,Yes,43157,2004
HUMANITIES,1,Female,Yes,49755,2009
HUMANITIES,0,Female,Yes,41469,2010
BUSINESS,0,Female,No,36072,2006
BUSINESS,0,Male,No,45938,2008
STEM,0,Male,No,62447,2004
STEM,0,Male,No,35234,2004
BUSINESS,0,Male,No,48995,2014
STEM,0,Male,No,75274,2012
STEM,0,Male,No,63199,2006
STEM,0,Female,No,45222,2011
HUMANITIES,0,Male,Yes,34457,2006
STEM,0,Male,No,35721,2006
STEM,0,Male,No,32569,2008
HUMANITIES,0,Female,Yes,44890,2012
STEM,0,Male,Yes,23567,2006
BUSINESS,1,Female,No,54789,2000
STEM,1,Male,Yes,20984,2017
BUSINESS,1,Male,No,24500,1994
HUMANITIES,0,Female,Yes,50442,2011
HUMANITIES,0,Female,Yes,48936,2010
STEM,0,Male,No,44598,2011
STEM,0,Male,No,46598,2006
HUMANITIES,0,Female,No,59604,2004
BUSINESS,1,Male,No,52328,2011
HUMANITIES,0,Female,No,31975,2012
HUMANITIES,0,Male,No,51926,2006
STEM,0,Female,No,46765,2011
HUMANITIES,0,Male,No,63942,2005
STEM,0,Male,No,36627,2009
HUMANITIES,0,Female,No,52703,2004
HUMANITIES,1,Male,No,39862,2008
STEM,0,Male,No,50486,2011
HUMANITIES,0,Female,Yes,79223,2012
STEM,1,Female,No,45490,2008
STEM,0,Female,No,55375,2009
HUMANITIES,0,Male,No,58207,2010
HUMANITIES,0,Female,Yes,52001,2012
HUMANITIES,0,Male,No,42864,2006
BUSINESS,0,Female,No,44911,2008
STEM,0,Male,No,71110,2007
STEM,1,Male,No,65869,2013
STEM,0,Female,No,35487,2006
STEM,1,Male,No,49844,2011
HUMANITIES,0,Female,No,48632,2005
HUMANITIES,0,Female,Yes,52820,2013
BUSINESS,1,Male,No,74162,2010
STEM,0,Female,No,43180,2010
STEM,0,Male,No,48557,2011
BUSINESS,0,Female,No,48766,2012
STEM,0,Male,No,60531,2005
BUSINESS,0,Male,No,50353,2011
STEM,0,Male,No,52069,2010
STEM,0,Female,No,43329,2008
HUMANITIES,0,Female,No,58362,2007
HUMANITIES,0,Female,No,46529,2009
STEM,0,Male,No,60576,2009
BUSINESS,1,Female,Yes,55809,2011
STEM,0,Female,Yes,23679,2005
STEM,1,Female,Yes,34598,2007
HUMANITIES,1,Female,Yes,53276,2013
HUMANITIES,0,Male,Yes,27132,2013
HUMANITIES,1,Male,Yes,57050,2011
STEM,0,Female,No,37615,2012
STEM,0,Female,No,41966,2014
BUSINESS,0,Female,No,70669,2013
BUSINESS,0,Female,Yes,72414,2014
BUSINESS,0,Female,No,46580,2006
HUMANITIES,0,Female,Yes,38434,2008
HUMANITIES,0,Female,Yes,61275,2008
STEM,0,Male,No,39941,2014
STEM,0,Male,No,54404,2012
STEM,1,Male,No,54213,2012
STEM,0,Male,No,71112,2012
HUMANITIES,1,Male,Yes,54325,2009
HUMANITIES,0,Female,Yes,38498,2015
STEM,0,Male,No,49653,2008
HUMANITIES,1,Female,Yes,40396,2009
STEM,0,Female,No,38055,2012
STEM,0,Male,No,28557,2009
HUMANITIES,0,Male,Yes,39013,2010
BUSINESS,1,Female,Yes,2002,2020
